,State,County,First Doubling,Last Delta,Inv Tau,Tau,R Squared
481,Iowa,Louisa,2,11,0.539054894183996,1.855098637985224,0.9681867903025226
292,New York,New York City,6,5225,0.25628056650713216,3.9019735816456085,0.8730841483836632
369,Pennsylvania,Philadelphia,6,573,0.24064805913345208,4.155445938774212,0.9450628477712057
339,Michigan,Wayne,5,467,0.2404266584160951,4.159272547345175,0.8557673540473321
383,Pennsylvania,Lancaster,5,35,0.2341733620842286,4.2703405336099465,0.9204530839308241
295,New York,Rockland,9,252,0.23363875127033082,4.280111901655192,0.8606632086609939
297,New York,Suffolk,2,1569,0.23093085762772267,4.330300464271747,0.8836605564552966
377,Pennsylvania,Luzerne,7,107,0.22964592985672774,4.35452960400336,0.9376991215900647
604,New Jersey,Hudson,5,442,0.22744041880956875,4.396755885493158,0.9663320303500849
602,New Jersey,Union,6,372,0.22601131444601033,4.42455725037996,0.9557353703148543
702,Connecticut,New Haven,3,238,0.2245197626787207,4.4539509042282495,0.9576291458373749
601,New Jersey,Passaic,8,318,0.22421506047492998,4.460003703059957,0.947344684683046
376,Pennsylvania,Lehigh,5,147,0.22410608883352506,4.462172380969264,0.9608074235431252
294,New York,Nassau,3,1592,0.22049010834634566,4.5353508486158525,0.885078841654574
588,Oklahoma,Greer,2,5,0.22042803233991282,4.536628074862738,0.5712776688965591
607,New Jersey,Essex,2,471,0.2187881483822447,4.570631487099111,0.9260719962293436
661,Massachusetts,Hampden,6,195,0.21768244986032445,4.593847600675425,0.8887409876684049
457,Louisiana,Tangipahoa,9,14,0.21362221257674785,4.681161139273993,0.7831053116803551
606,New Jersey,Middlesex,4,472,0.21148760198459066,4.728409564513676,0.9413263185722262
657,Massachusetts,Essex,7,233,0.21067937845727233,4.746549032575625,0.9065667831139055
267,Florida,Miami-Dade,2,437,0.2083938441052524,4.79860623663593,0.9093339270529432
603,New Jersey,Monmouth,6,210,0.20828076070143411,4.8012115791793075,0.907141807832991
610,New Jersey,Ocean,3,237,0.20793127990224847,4.80928122247944,0.8804125736177786
418,Illinois,Will,5,98,0.20787659621350096,4.810546344394362,0.929246358385024
599,New Jersey,Bergen,7,469,0.2069808349598285,4.831365185062101,0.9342333647493765
660,Massachusetts,Plymouth,4,180,0.2058096920252881,4.8588576668057435,0.8823730463272338
431,Louisiana,Jefferson,4,388,0.2042367191928672,4.896279199704869,0.948197682288123
659,Massachusetts,Bristol,6,159,0.20365171968345236,4.910344000798804,0.8857124468467046
699,Connecticut,Fairfield,5,465,0.20153620587861787,4.961887595533502,0.9362563396276502
461,Louisiana,Ouachita,3,25,0.2013882262256527,4.96553358029736,0.943427189328936
300,New York,Orange,3,225,0.20017162518220613,4.995713049188417,0.8084328697777884
609,New Jersey,Morris,4,177,0.19943242515211942,5.014229753447757,0.9245311812260518
340,Michigan,Oakland,5,240,0.19909498481135812,5.022728226667773,0.8634813875122409
149,Indiana,Lake,6,64,0.19664057049074335,5.085420559472359,0.9070964511965462
135,California,San Bernardino,6,88,0.19375356890889303,5.161195252461238,0.9299853579630297
623,Maryland,Prince George's,8,166,0.19187749692611483,5.211658563510781,0.9639875098678793
382,Pennsylvania,Berks,5,200,0.19050965098387998,5.249077906738779,0.9650673658711388
442,Louisiana,East Baton Rouge,2,65,0.18989092735857588,5.266181033028895,0.9151847375885086
346,Michigan,Macomb,3,157,0.1877660138768524,5.325777436250293,0.8802976682805949
140,Indiana,Marion,11,125,0.1866717602689009,5.356996679945048,0.8800366101618697
53,Texas,Harris,11,706,0.18575888929564896,5.38332245520927,0.9183415424748899
701,Connecticut,Hartford,3,181,0.18534401509094284,5.3953724888787455,0.9309239303480861
434,Louisiana,St. Tammany,6,44,0.1845465675435517,5.418686531593209,0.920276864559199
372,Pennsylvania,Northampton,7,92,0.17870511691778818,5.595810669820058,0.9370345400241851
656,Massachusetts,Worcester,11,165,0.1779619984668304,5.619177176111482,0.887788013002321
611,New Jersey,Mercer,3,169,0.1774994610751852,5.633819922283709,0.9788959730869886
128,California,Riverside,12,101,0.17652505864382387,5.66491810104824,0.9365811084452028
640,Nebraska,Gage,3,1,0.17577849367295,5.6889780945590545,0.786234403756578
639,Nebraska,Hall,5,15,0.1749872015484356,5.714703653473793,0.8392170244104374
302,New York,Dutchess,4,98,0.17324735895573287,5.772093762511635,0.9499931044616324
268,Florida,Palm Beach,4,109,0.17296935975919256,5.781370766430523,0.8718020033103108
370,Pennsylvania,Bucks,8,91,0.17234132022081292,5.802439012993207,0.9114896250930351
353,Michigan,Genesee,1,42,0.16905863765555976,5.915107408101803,0.8928005165763251
433,Louisiana,Caddo,9,103,0.16803665979393959,5.951082348496349,0.8954285579884982
307,New York,Erie,2,157,0.16741193276619554,5.973289857399722,0.8580446862697636
29,Georgia,Sumter,8,14,0.16729968894175867,5.977297425508817,0.8532838086021989
624,Maryland,Baltimore,8,113,0.16720491931998532,5.980685281670861,0.9490011177754426
398,Missouri,St. Louis,11,91,0.16642150989492416,6.008838644904639,0.8772052445171884
381,Pennsylvania,Lackawanna,5,46,0.16578874419956277,6.0317725719442254,0.9170584610755542
367,Pennsylvania,Montgomery,7,172,0.16577801109328677,6.03216309210803,0.9592330240908561
233,Ohio,Franklin,5,41,0.16503887312136217,6.059178550405182,0.8349903258100692
605,New Jersey,Burlington,10,82,0.1643838842964498,6.0833213929694026,0.9384398621111154
101,Virginia,Henrico,7,28,0.16389672165568583,6.101403309950272,0.9330234298925311
402,Missouri,St. Louis city,4,54,0.16359310255847564,6.112727152677811,0.8724776547969981
380,Pennsylvania,York,7,17,0.16256492512768106,6.151388432742083,0.9792835806167266
615,New Jersey,Warren,6,30,0.16253083579141142,6.152678629447144,0.9391281986395611
614,New Jersey,Gloucester,5,73,0.16225004917493152,6.163326329237903,0.9249103373064179
273,Florida,Orange,4,36,0.16158690841240228,6.18862016623153,0.8329480628178435
725,Puerto Rico,Unknown,6,63,0.16120394887812484,6.203321984103695,0.9185691885479522
471,Louisiana,East Feliciana,8,20,0.16009236110718827,6.246394225708619,0.7169606633075994
628,Maryland,Baltimore city,5,67,0.15963713478238403,6.264206641914435,0.9427211280810327
654,Massachusetts,Middlesex,2,500,0.15938438731816182,6.274140251916947,0.9454332454018092
356,Michigan,Saginaw,6,19,0.15879570829394954,6.29739941175792,0.8964999869353438
365,Pennsylvania,Delaware,12,188,0.15856730793538348,6.306470186196906,0.8861779888859687
490,Colorado,Adams,10,58,0.1583848165217041,6.313736518190593,0.8529891792936585
56,Texas,Dallas,5,108,0.1579240918248231,6.332156091226711,0.8732567610831381
612,New Jersey,Somerset,1,146,0.15745944773840617,6.350841530076626,0.9235828529967282
257,Florida,Broward,5,115,0.15716320578763834,6.362812434299777,0.9072704309433688
438,Louisiana,St. John the Baptist,8,45,0.15711393659076411,6.36480774207006,0.8643041193057561
293,New York,Westchester,0,1117,0.15707124947681525,6.366537500216465,0.8105666564990601
724,District of Columbia,District of Columbia,8,83,0.1566565137002866,6.383392406607415,0.9519255001022608
279,Florida,Polk,8,28,0.15581798683658182,6.4177443201648865,0.8921193234466915
708,Nevada,Clark,8,131,0.15531868763241452,6.438375286602043,0.9330884496883596
493,Colorado,Weld,6,41,0.15506393832385415,6.448952675969573,0.8463972517854005
343,Michigan,Washtenaw,7,27,0.1550477893921894,6.449624363689092,0.7633033163406138
696,New Hampshire,Hillsborough,8,15,0.15469485006934736,6.464339307686812,0.9142494557721701
439,Louisiana,Lafourche,11,38,0.15464220965431297,6.466539777434628,0.8612848003767243
488,Colorado,Arapahoe,9,113,0.154101575167852,6.489226336010974,0.9269199844803108
509,Alabama,Mobile,5,80,0.15398046028031695,6.494330502581491,0.9320380629505347
14,Georgia,Dougherty,2,41,0.1537038575012054,6.506017586397645,0.8446261184688282
70,Texas,Lubbock,8,23,0.15288623459130213,6.5408112291679865,0.8200916129980045
368,Pennsylvania,Monroe,10,45,0.1523631012005695,6.563268876259013,0.9070877248363954
272,Florida,Duval,7,38,0.15186312914807684,6.58487682698104,0.9512796150351762
449,Louisiana,Iberville,10,16,0.15125393187875005,6.611398378731944,0.8049565633413528
35,Georgia,Chatham,9,7,0.15079753809702134,6.631407996572277,0.8159940624569383
412,Illinois,Lake,5,83,0.15048576176219278,6.645146944733974,0.9171465038666162
375,Pennsylvania,Allegheny,3,39,0.1503331739102556,6.6518917547564715,0.8554209048204028
18,Georgia,Hall,9,14,0.15028143447499737,6.654181892084428,0.9376153099241945
171,North Carolina,Mecklenburg,5,31,0.1499923114207146,6.6670083988178055,0.8011748669001055
13,Georgia,Clayton,8,9,0.14949718208969084,6.689089292666734,0.8471554455253961
653,Massachusetts,Norfolk,6,229,0.14943061741911,6.692068983395062,0.8998719705456787
703,Connecticut,Middlesex,7,31,0.14916051365550004,6.704187157129214,0.9040347715260914
236,Ohio,Lucas,8,32,0.1488786566651136,6.71687952054398,0.8496576754948232
136,California,Kern,6,21,0.14885879300967306,6.717775818154179,0.8577334229357143
392,Pennsylvania,Dauphin,3,12,0.1485340489019093,6.732463077609848,0.9295919022013418
49,Georgia,Dooly,7,7,0.14806535778510094,6.753774245096411,0.9158051594349377
243,Ohio,Hamilton,1,36,0.1476220010306865,6.774058019929751,0.9319802735693801
726,Guam,Unknown,5,133,0.1474444901293246,6.7822134223048485,0.9537880232379088
432,Louisiana,Orleans,0,172,0.14729840214900378,6.788939903016886,0.9006021222885457
625,Maryland,Anne Arundel,10,39,0.1472167378573263,6.792705874036826,0.9268728008061619
145,Indiana,Hamilton,5,3,0.1452471976015037,6.884814416478954,0.9221165667097614
79,Texas,Jefferson,7,14,0.14514677927176475,6.88957760562951,0.9187262047487389
646,Idaho,Ada,9,47,0.14500527995563278,6.896300605784629,0.7934583539322834
718,Rhode Island,Kent,2,15,0.14465062699443618,6.913208886667763,0.7060472604092719
4,Georgia,DeKalb,8,34,0.1444970413235916,6.920556925179984,0.8796897639468334
391,Pennsylvania,Schuylkill,5,13,0.1443326041760274,6.928441468293641,0.9393951321458373
721,Delaware,New Castle,6,65,0.1442960018498755,6.930198946471106,0.9741859385767243
440,Louisiana,St. Bernard,9,21,0.14405857288665072,6.941620897402807,0.8413543324521332
618,New Jersey,Sussex,3,35,0.1439259231065143,6.948018664156398,0.8520089481783586
384,Pennsylvania,Lebanon,8,18,0.14378700593885635,6.954731364426892,0.8478898823957456
600,New Jersey,Camden,14,152,0.1427433534772672,7.005580124326115,0.8881829825823775
478,Iowa,Linn,4,18,0.14271252486834832,7.00709346234674,0.6959405248417869
528,Arkansas,St. Francis,5,0,0.14177084098512177,7.053636650888921,0.48258761509235526
319,New York,Oneida,7,33,0.14072421930681908,7.106097336519691,0.8909531322680898
435,Louisiana,St. Charles,14,34,0.1402612897391188,7.129550867954841,0.7481082012514457
403,Missouri,St. Charles,5,20,0.13853814204582662,7.218228750817324,0.9298195077515669
191,Tennessee,Shelby,9,94,0.1385185976684157,7.219247211798874,0.8814922000710615
613,New Jersey,Hunterdon,7,31,0.13842034387486596,7.224371591678856,0.949843281091412
43,Georgia,Colquitt,6,0,0.1384179297306599,7.224497591792097,0.6828682695230185
719,Rhode Island,Washington,3,3,0.13806859218112258,7.242776827101776,0.7203167209104958
446,Louisiana,Calcasieu,6,18,0.13777420736431395,7.258252608601241,0.8095921501465085
669,Utah,Utah,10,5,0.13768561317357345,7.2629229514295695,0.8618069901578262
644,West Virginia,Berkeley,7,9,0.13764099783570205,7.2652771755815815,0.8341636278087502
90,Virginia,Fairfax,13,120,0.13746587084181808,7.2745328995201985,0.8347316687386348
41,Georgia,Mitchell,5,5,0.13740558648862658,7.277724476528271,0.8806842612326186
616,New Jersey,Atlantic,9,23,0.13726236185649973,7.285318323791085,0.8136486687284522
621,Maryland,Montgomery,10,126,0.13706654663524095,7.29572623333965,0.9486886361459982
723,Delaware,Kent,12,13,0.1367886428268414,7.310548444185417,0.7836475090782348
166,Indiana,Porter,5,8,0.1366638786783385,7.317222441444595,0.8976917714561964
242,Ohio,Montgomery,9,9,0.13617591133659002,7.343442685162359,0.9221227072519954
557,Washington,Yakima,8,47,0.1360236339752666,7.351663610029943,0.8913846564338441
385,Pennsylvania,Westmoreland,5,7,0.13565998563913834,7.37137038079928,0.8210311210275757
288,Florida,St. Lucie,6,8,0.1343262951858794,7.444558778429866,0.9563007105320951
318,New York,Niagara,5,3,0.13427780783554516,7.447246988309012,0.8386921325902876
678,New Mexico,San Juan,7,10,0.13336069562448735,7.498461186913474,0.9407097819919272
466,Louisiana,St. Martin,5,15,0.1331539410399182,7.510104411406119,0.7820619796829583
299,New York,Monroe,5,47,0.13177059963431464,7.588946265518762,0.867159458360179
62,Texas,Galveston,10,21,0.13166334854054232,7.5951281133646384,0.8344304113159361
74,Texas,Cameron,11,18,0.1314529738933094,7.607283200847366,0.8301033108166569
0,Georgia,Fulton,11,75,0.13088168373641915,7.640488504211838,0.9157991057457546
447,Louisiana,Plaquemines,10,6,0.13058865348001328,7.657633135432023,0.8108460600418513
252,Ohio,Fairfield,7,3,0.1305373372055082,7.66064347111413,0.8571937972035849
164,Indiana,Lawrence,8,1,0.13021360736442358,7.679688937588068,0.6377799889836273
227,Ohio,Cuyahoga,5,54,0.13013791939507355,7.684155430241615,0.8130045477008453
658,Massachusetts,Barnstable,6,21,0.12905285912390066,7.748762846392448,0.7933592916884324
452,Louisiana,Livingston,12,4,0.12886076686767334,7.760313897766078,0.7580101121316134
291,Florida,Suwannee,7,7,0.12854187448343943,7.7795660287250135,0.5963295257564677
1,Georgia,Cobb,9,45,0.12831736047814704,7.793177760777771,0.9420684409132759
55,Texas,Tarrant,7,49,0.12748771379500276,7.8438931112058095,0.885440180398117
683,Arizona,Pima,11,48,0.12737817814508204,7.85063826914696,0.8396145262937177
192,Tennessee,Davidson,5,0,0.12726640420878593,7.85753322895379,0.8637377671294214
2,Georgia,Gwinnett,11,32,0.1266452520246482,7.896071775398069,0.8981966312794344
108,Virginia,Chesapeake city,4,2,0.1264569685204431,7.907828344298317,0.7456072615788893
374,Pennsylvania,Chester,6,52,0.12571395670285626,7.95456627273016,0.8714109460959835
239,Ohio,Mahoning,3,29,0.12567939738445263,7.956753619218949,0.7981010998474073
706,Connecticut,New London,12,19,0.12534414523090065,7.978035177932456,0.8161894387934269
185,North Carolina,Granville,10,0,0.12527013630283523,7.982748558543454,0.5996394605002628
312,New York,Sullivan,4,15,0.12398966553167295,8.065188301879495,0.8977282118675595
584,Oklahoma,Wagoner,7,0,0.12394256656266689,8.068253125082638,0.6430093453158957
722,Delaware,Sussex,5,15,0.12366772330780536,8.086184278746922,0.9047186626756193
630,Maryland,Frederick,14,34,0.12270855750033584,8.149390884961411,0.7697891764012517
673,New Mexico,Bernalillo,8,44,0.12217694100971173,8.184850526913348,0.9696688527526981
485,Colorado,Denver,6,104,0.12180237206872575,8.21002073289476,0.8892526857627645
44,Georgia,Thomas,7,16,0.12152141016350358,8.22900259842713,0.7400006056981007
395,Pennsylvania,Carbon,5,7,0.12128085152817902,8.24532469387927,0.8116563765554885
581,Oklahoma,Cleveland,8,19,0.12124483333349195,8.247774131945349,0.8911696479154512
198,Tennessee,Sumner,2,13,0.12112376194600193,8.2560183397029,0.6969699198174869
716,Rhode Island,Providence,0,125,0.12042801870505628,8.303715453868993,0.4649456920203819
664,Massachusetts,Hampshire,6,13,0.12037368024698329,8.307463873732159,0.7564428174787398
274,Florida,Osceola,10,18,0.12008900331719402,8.327157128273232,0.8755034327047964
647,Idaho,Blaine,4,18,0.11984236625473783,8.34429451997295,0.5549328679154769
482,Colorado,Jefferson,11,50,0.1197723216898761,8.349174382619704,0.8896157860584843
539,Wisconsin,Milwaukee,1,67,0.11963282267313292,8.358910018634706,0.7531938615710789
550,Washington,Pierce,7,43,0.11963217465484091,8.358955296810155,0.94028583547969
60,Texas,Travis,5,1,0.1192195593093791,8.387885392236383,0.8249962740858732
54,Texas,Collin,9,28,0.11919307555706664,8.389749113581898,0.8483898063591915
617,New Jersey,Cape May,11,9,0.11897359695311609,8.405226248594214,0.6108398463237878
441,Louisiana,Ascension,4,4,0.11882023819084529,8.416074695910234,0.7835494989777063
328,Kentucky,Jefferson,11,34,0.11828078708640118,8.45445845122357,0.8675638598342185
360,Michigan,Lapeer,8,13,0.11803613532496991,8.471981882894257,0.7164027463418159
134,California,Santa Barbara,9,15,0.11798860861153666,8.475394461955052,0.8614019618350034
575,South Carolina,Sumter,6,9,0.11775206998933035,8.492419709399682,0.7873829102879439
111,Virginia,Hampton city,6,0,0.11761900317267954,8.502027504278997,0.5703347622667769
684,Arizona,Navajo,3,46,0.11747733791764742,8.512280050991691,0.8923514287663489
453,Louisiana,Lafayette,4,18,0.11704135522106214,8.543988559524516,0.4204451721139364
700,Connecticut,Litchfield,10,23,0.11700733214274876,8.5464729576092,0.82726528425698
436,Louisiana,Terrebonne,15,24,0.11655108668318323,8.579928582890568,0.7240515974232675
258,Florida,Lee,14,46,0.11624717444532198,8.602359625268654,0.8294981145854606
692,Vermont,Chittenden,10,12,0.1161998962605853,8.60585966236527,0.8595818569826984
361,Michigan,Hillsdale,8,2,0.11567048777886957,8.64524754068408,0.8292693858935202
351,Michigan,Livingston,5,7,0.11557278240276056,8.652556243866238,0.6541969960383864
298,New York,Ulster,12,38,0.11544562451772991,8.662086624568625,0.8178843690468034
580,Oklahoma,Oklahoma,4,68,0.1153616293685167,8.668393515885185,0.827795735313084
73,Texas,Webb,7,28,0.11519793110285692,8.680711453985477,0.8606091705981094
9,Georgia,Henry,10,14,0.11489372019382281,8.703695887930387,0.7765089652888921
109,Virginia,Frederick,10,8,0.11472097909798286,8.716801476614865,0.7600779986023775
560,Washington,Benton,6,25,0.1143423950896779,8.74566252714671,0.5708492474332014
414,Illinois,DuPage,1,68,0.11418221872199104,8.757931061357139,0.9400505941195353
308,New York,Putnam,4,35,0.11409642554598326,8.764516462410814,0.7631394957734707
150,Indiana,Madison,9,3,0.11408462410962546,8.765423104160702,0.8488585558871757
167,Indiana,Jackson,8,7,0.11401650697762183,8.770659850123906,0.6097091102043258
158,Indiana,Hancock,10,1,0.11391062750711399,8.778812143208917,0.8677889912667326
94,Virginia,Prince William,11,36,0.11382493918123976,8.785420903302503,0.909806480451994
629,Maryland,Howard,3,25,0.11336827040322679,8.820810235908274,0.8914751645370562
184,North Carolina,Cumberland,10,8,0.11311601100574013,8.840481476572352,0.834230616284129
480,Iowa,Scott,10,11,0.11272114172565113,8.871450241640316,0.8165423092579873
265,Florida,Pinellas,7,27,0.11109707799860666,9.001136825691686,0.8336311019172934
102,Virginia,Richmond city,12,7,0.1108829112481308,9.018522229834199,0.6609375502820539
590,Kansas,Wyandotte,11,32,0.11055564303332187,9.045218973567875,0.899883702208236
468,Louisiana,Allen,8,1,0.11042513803475526,9.055908987727591,0.7036157038071732
572,South Carolina,Richland,1,45,0.1104019971816886,9.057807155012782,0.9148394828906176
93,Virginia,Arlington,10,26,0.11001009651473982,9.09007474478503,0.9451548159030284
78,Texas,Hidalgo,1,11,0.10930092109460583,9.149053731527534,0.8374866272856655
462,Louisiana,St. Mary,8,8,0.10889104599332344,9.183491543109193,0.5384351729912195
321,New York,Steuben,8,7,0.10863533623188888,9.20510797578274,0.7306626918688355
510,Alabama,Chambers,8,21,0.1086217474362026,9.206259553017551,0.8495777107825006
66,Texas,Denton,3,28,0.10824240643394592,9.238523356465123,0.7399440247282999
407,Missouri,Jefferson,5,3,0.10735295225501304,9.315067531860105,0.6991532595127268
484,Colorado,El Paso,11,62,0.10667555565030362,9.374218806772662,0.7757090292712587
250,Ohio,Portage,4,8,0.10658608716032379,9.38208753733335,0.7683722535087065
685,Arizona,Coconino,6,24,0.10644311950709658,9.394688962806374,0.8298337753591195
596,Oregon,Multnomah,13,16,0.1049981295169957,9.523979185154277,0.8557594335627432
278,Florida,Brevard,9,6,0.1048101867043176,9.541057328913292,0.7985517047958726
675,New Mexico,Sandoval,15,31,0.10472812974274527,9.548532972529971,0.6822259912393817
619,New Jersey,Cumberland,10,31,0.10432849367153121,9.585109156741103,0.7384168758861072
254,Florida,Hillsborough,16,26,0.104272987647225,9.590211449423382,0.854067806984281
592,Kansas,Sedgwick,5,7,0.10386884781854372,9.62752568264717,0.8702622869445986
125,California,Contra Costa,9,22,0.10353119738287474,9.658924317293867,0.906233040674151
200,Tennessee,Wilson,8,6,0.10283554860443671,9.724263774257302,0.8213248260025807
421,Illinois,Kankakee,7,11,0.10240700668027272,9.764956836616884,0.7708888411666597
410,Illinois,Kane,11,22,0.10230822716552818,9.774384990388542,0.834000401514728
211,Mississippi,Jackson,8,11,0.1018058156717164,9.822621560487326,0.7886392742960198
344,Michigan,Ingham,13,17,0.10134753025647068,9.867038668523977,0.6789027829806831
34,Georgia,Douglas,4,10,0.10104489753067283,9.896590767450117,0.8081364247288103
98,Virginia,Chesterfield,14,13,0.10102113578382438,9.89891859996412,0.7179256797904148
665,Utah,Salt Lake,21,67,0.10101958509944273,9.899070551671832,0.8589916808295389
154,Indiana,Allen,5,10,0.10082701952570838,9.917976398628195,0.857470953010023
122,California,Alameda,6,39,0.1007559356442705,9.924973586971648,0.8855996142116982
276,Florida,Escambia,8,10,0.10059849993257955,9.940506077826145,0.7420763654234163
448,Louisiana,St. James,4,10,0.10042132022690271,9.958044743292486,0.7193093808509283
429,Illinois,Randolph,3,3,0.10031343360164542,9.968754573501084,0.35816370710870316
31,Georgia,Muscogee,11,24,0.09976836141294017,10.023217639718576,0.5743176550481625
24,Georgia,Early,10,8,0.09922536266729434,10.078068480868449,0.7885278326793411
655,Massachusetts,Berkshire,14,23,0.09897138472037484,10.103930573724044,0.726790678495391
335,Kentucky,Campbell,7,4,0.09896134596540673,10.104955528288423,0.3893864906185827
195,Tennessee,Rutherford,10,10,0.09868609275116699,10.133140061806477,0.8090490213266665
517,Alabama,Marshall,8,19,0.09859579957462629,10.142419903427111,0.5567905211856369
458,Louisiana,De Soto,7,10,0.09857433291936278,10.144628630842824,0.799384041831173
168,North Carolina,Wake,15,8,0.09838170458142007,10.16449150027083,0.8237464688365513
400,Missouri,Jackson,6,10,0.09836983394712143,10.1657180852572,0.7004959594614804
568,South Carolina,Greenville,4,31,0.09832732906967895,10.170112515629883,0.7551373556886549
64,Texas,Brazoria,10,15,0.09820084523239717,10.18321173950642,0.8115199624152688
450,Louisiana,Assumption,12,5,0.09805760473276277,10.19808716239101,0.7185607616706793
144,Indiana,Johnson,12,18,0.09731177986520398,10.276248172474055,0.8655809439204086
132,California,Tulare,15,19,0.09718119904877931,10.290056202106111,0.7450454109405897
76,Texas,Victoria,7,3,0.09714549267393251,10.293838370417102,0.6760473498611027
567,South Carolina,Lexington,13,33,0.09703678778073875,10.3053699825634,0.8040492056430202
262,Florida,Collier,8,21,0.09702744878758118,10.306361885174011,0.8645167358754928
282,Florida,Martin,6,1,0.09689073624722591,10.320904131107076,0.621322220996252
92,Virginia,Loudoun,13,20,0.09669191042065317,10.34212681960209,0.8407231405665119
541,Wisconsin,Kenosha,12,6,0.09660238828372822,10.351710943863287,0.776324323393007
271,Florida,Seminole,11,11,0.0963741493544398,10.376226474614601,0.7827486578406332
208,Mississippi,Hinds,5,25,0.09593482621824027,10.423743278849742,0.7689125445452719
52,Texas,Fort Bend,14,15,0.09593457322102777,10.42377076818862,0.8917948076390442
408,Missouri,Franklin,12,6,0.09507609966449353,10.517890442801296,0.5472146391480315
566,South Carolina,Beaufort,11,10,0.0945220379409155,10.57954337193922,0.6985731415628023
443,Louisiana,Washington,11,13,0.09433083422664686,10.600987558292122,0.6750930042597961
161,Indiana,Ripley,7,1,0.09409471604136341,10.627589327762111,0.8503640297589492
548,Washington,King,1,198,0.09352763712164142,10.692026771716757,0.8308247236161658
333,Kentucky,Boone,8,12,0.09350073890292601,10.695102645533275,0.6675248079473686
246,Ohio,Columbiana,12,10,0.09323826239142663,10.725210598647442,0.5770040122059722
709,Nevada,Washoe,16,37,0.09321575517818075,10.727800231715257,0.8482146810258213
626,Maryland,Charles,13,16,0.09250173908257399,10.81060756173811,0.7759531131543776
86,Texas,Randall,5,12,0.09235007118707417,10.828361983330725,0.6026524319206689
650,Idaho,Canyon,4,18,0.09223237998866064,10.842179288043345,0.5721498752201186
141,Indiana,Hendricks,17,13,0.09140484120082125,10.940339558196348,0.7673044245798348
160,Indiana,Morgan,6,0,0.09138685045389354,10.94249331313283,0.6181381195172299
59,Texas,El Paso,11,72,0.09131900087000461,10.950623533688576,0.8329229799061139
437,Louisiana,Bossier,9,12,0.09131032543276214,10.951663957614151,0.7444761523284148
7,Georgia,Lee,14,7,0.09119664533351496,10.96531562474588,0.8355454812882663
359,Michigan,Kalamazoo,9,7,0.09104730284606609,10.983301742509633,0.842283852298758
579,Oklahoma,Tulsa,17,15,0.09085849553106536,11.006125449855054,0.8100754361505579
695,New Hampshire,Rockingham,14,9,0.09001402226715101,11.109380236693767,0.8427557679026332
494,Colorado,Boulder,4,10,0.08940931685347682,11.18451672814804,0.7765777128288498
563,South Carolina,Charleston,14,5,0.08922068194765062,11.208163602546104,0.7037851598644581
202,Tennessee,Putnam,9,1,0.08921774416781604,11.208532667212795,0.3186027023360304
456,Louisiana,Rapides,4,13,0.08915554582558373,11.216352171252636,0.8544421993725018
46,Georgia,Ware,10,2,0.08908095522935817,11.225744014815332,0.49780285531904334
713,Hawaii,Honolulu,11,6,0.08895901096693798,11.241132170091849,0.8546323848110955
123,California,San Mateo,9,16,0.0886916968571484,11.275012604738565,0.8902105529589781
269,Florida,Sarasota,9,17,0.08837129813474348,11.315891257761738,0.8711492425914368
21,Georgia,Houston,10,9,0.08828578516411317,11.326851747890268,0.6774946017299709
139,California,Merced,11,0,0.08803238367924564,11.359456125186785,0.4810638136241086
409,Illinois,Cook,45,895,0.08791550703970716,11.374557614145917,0.7219121496105083
32,Georgia,Terrell,8,3,0.08758877392790722,11.416988218411214,0.5808431347681632
341,Michigan,St. Clair,17,22,0.08756325462700415,11.4203155679826,0.6182505093095987
378,Pennsylvania,Beaver,9,1,0.08756196473762366,11.420483802487356,0.7890943970997334
347,Michigan,Monroe,10,13,0.087508998526923,11.427396231626856,0.812410343857304
349,Michigan,Jackson,10,5,0.08748176630678375,11.43095346855674,0.892656374939051
30,Georgia,Randolph,14,8,0.0869566787008803,11.49997924184605,0.41965083230139966
426,Illinois,Rock Island,10,6,0.08693240397922367,11.503190458634897,0.7052560065354571
636,South Dakota,Minnehaha,19,46,0.08652565454358085,11.55726593777253,0.6820415624314657
129,California,Ventura,9,11,0.0865201319095993,11.558003645265494,0.8389888361146797
342,Michigan,Kent,9,26,0.08649817799842378,11.56093715659794,0.8741446546542052
589,Kansas,Johnson,12,8,0.0864077819258744,11.573031707466557,0.7794580430841448
627,Maryland,Carroll,11,17,0.0863816888273611,11.576527543916848,0.6420766891451762
42,Georgia,Crisp,10,8,0.08622262455827083,11.597884025487785,0.6120197091666496
553,Washington,Whatcom,10,5,0.08611501737279197,11.612376453121984,0.6341385078885932
91,Virginia,Virginia Beach city,17,12,0.08608535068572921,11.616378304023971,0.7826289036978084
310,New York,Onondaga,3,-19,0.0855309214651924,11.691678084012684,0.3773190950480526
475,Iowa,Polk,10,6,0.085214501395595,11.735091840268552,0.6821338280444714
113,California,Los Angeles,44,425,0.08494786147614289,11.771926716258115,0.7326266501156693
502,Alabama,Jefferson,1,31,0.08490131033876769,11.778381228862841,0.7685725484510704
182,North Carolina,Rowan,12,7,0.08463503249011471,11.815438247947728,0.7354151106460313
411,Illinois,McHenry,14,18,0.08434590388132032,11.855940288541566,0.734947670800505
165,Indiana,Dearborn,11,5,0.08417892888944464,11.879457403328779,0.7401918195954916
48,Georgia,Upson,8,3,0.08371178865079958,11.945748814082334,0.32389212913203724
277,Florida,Lake,7,1,0.08363067144562186,11.957335541066625,0.7333860484734738
177,North Carolina,Guilford,6,3,0.08304272406711075,12.041994181113962,0.869038805516984
574,South Carolina,Clarendon,9,3,0.08301443545278904,12.046097700305483,0.7074250265595454
130,California,San Joaquin,8,8,0.08296896167801274,12.052699946768238,0.7014897358659558
518,Alabama,Etowah,7,6,0.08243031030552712,12.131459851279342,0.5636111566667212
465,Louisiana,Acadia,6,3,0.08237571081352618,12.139500711122228,0.2876747298252326
371,Pennsylvania,Pike,13,15,0.08151656626705203,12.267445082560934,0.8714577119166367
190,Tennessee,Williamson,11,1,0.08147130027257958,12.274260956364843,0.8312182798181676
116,California,San Diego,31,98,0.08143526009122262,12.27969308233085,0.8102691852317503
325,New York,Chemung,9,4,0.08124886328860405,12.307864498336432,0.6570107658449518
691,Maine,York,6,11,0.08120390656168486,12.314678472277325,0.7902679742100289
506,Alabama,Lee,7,16,0.08101354907956658,12.343614264051817,0.7904959347543458
415,Illinois,St. Clair,12,17,0.08089295704558659,12.362015637980175,0.7379642486718716
57,Texas,Montgomery,13,13,0.08081200960303712,12.374398371135388,0.8201138394653913
329,Kentucky,Kenton,15,5,0.08055477208356572,12.413913839426202,0.6137289335119943
183,North Carolina,Henderson,11,5,0.07993078193127465,12.51082468903921,0.5076864121567739
505,Alabama,Shelby,6,18,0.07990297291186248,12.51517889206772,0.656038399616894
469,Louisiana,Union,11,4,0.07976899453253962,12.5361991317576,0.4644530372898572
19,Georgia,Richmond,12,10,0.0795252549985354,12.574621735176038,0.6671007584623145
472,Louisiana,West Feliciana,8,6,0.079302519659353,12.609939813962256,0.4329993180457455
634,Maryland,St. Mary's,9,3,0.07929672273148572,12.610861654222413,0.5743318546999087
247,Ohio,Licking,10,14,0.0790903808135257,12.643762613278303,0.6928140741776995
569,South Carolina,Horry,15,8,0.0790592387091979,12.648743098555263,0.7861036801209553
352,Michigan,Clinton,10,3,0.07862383825955907,12.718788883070335,0.593932944674763
104,Virginia,Norfolk city,9,7,0.07849118087212431,12.740284817846895,0.6367965141988854
593,Kansas,Shawnee,9,3,0.07846779475432666,12.744081863532434,0.7208966929666011
652,Massachusetts,Suffolk,42,441,0.07824873466134405,12.779759370268945,0.6999285238938652
705,Connecticut,Tolland,3,17,0.07783068301688266,12.848403241984716,0.8496747691388781
483,Colorado,Douglas,14,26,0.07728892084698105,12.93846503536814,0.7333091333410385
71,Texas,Williamson,6,16,0.0768179863627445,13.017784601614915,0.6563045344667574
571,South Carolina,York,9,5,0.07676554775668853,13.026677060516,0.7433845359699335
143,Indiana,St. Joseph,17,8,0.07651813146587053,13.068797954717846,0.7451839009638243
194,Tennessee,Knox,11,9,0.07651580801445691,13.069194797120351,0.7479278629210411
15,Georgia,Forsyth,10,11,0.07600083966791184,13.1577493665798,0.7249152797269558
363,Michigan,Unknown,0,5,0.07567884213839572,13.213732818100942,0.32905224778693065
152,Indiana,Clark,10,10,0.0752813580851295,13.283501061035354,0.6661803639765772
199,Tennessee,Montgomery,11,7,0.07494422083490444,13.343257009808834,0.5147558376339566
283,Florida,Indian River,10,3,0.07489486121772845,13.352050911649046,0.6402030991978915
595,Oregon,Marion,13,17,0.07468032315100552,13.390408046011993,0.7021667268267345
419,Illinois,Madison,13,7,0.07458874107601914,13.40684915141312,0.5640659614932638
234,Ohio,Summit,6,10,0.07426283421753258,13.46568590515647,0.5844038526980748
677,New Mexico,McKinley,11,14,0.07405440465376897,13.503585703988309,0.5859122699503906
521,Arkansas,Pulaski,6,20,0.0736759233203029,13.572955111163564,0.583606854407628
118,California,Sacramento,20,33,0.07359740444070367,13.5874356928672,0.8162884701328937
96,Virginia,Alexandria city,19,6,0.07337848538752256,13.627972759574595,0.5899576895854018
80,Texas,Guadalupe,12,0,0.07321675244132249,13.658076419073927,0.6661538988234422
230,Ohio,Butler,16,6,0.07318607672081998,13.663801160084866,0.6030804134696167
455,Louisiana,Iberia,9,11,0.07294778049215417,13.708436271170088,0.4298301478092204
261,Florida,Volusia,16,14,0.0727347542711822,13.748585666098881,0.680603725886434
159,Indiana,Elkhart,16,10,0.07253243696470607,13.786935085148112,0.650934787134608
69,Texas,Brazos,7,6,0.072312922447849,13.828786974018165,0.7509731229166697
404,Missouri,Kansas City,1,8,0.07230248595327399,13.830783088789746,0.5114450834394705
486,Colorado,Eagle,6,20,0.07158513858777416,13.969379954106667,0.7314304709185472
479,Iowa,Tama,11,17,0.07156783300557412,13.972757843906132,0.41485181808811766
477,Iowa,Muscatine,15,9,0.07144020406776934,13.997720373970148,0.4047026458208378
266,Florida,St. Johns,11,7,0.07034858751256723,14.21492648763357,0.7643792589406676
594,Oregon,Washington,19,16,0.06998212999602405,14.289362156550734,0.7376162014156699
181,North Carolina,Davidson,8,5,0.06937336949734967,14.414753200624109,0.7560468211510042
47,Georgia,Calhoun,10,2,0.06921296580195155,14.44815994248008,0.30213439520338264
598,Oregon,Clackamas,13,6,0.06890849747844952,14.511998325210046,0.7550417821215669
334,Kentucky,Hopkins,3,20,0.068844102355763,14.525572500493052,0.31217645882551254
237,Ohio,Lake,8,7,0.06883582131055417,14.527319947102544,0.7356018331520687
179,North Carolina,Orange,6,17,0.06840958431322727,14.61783476743983,0.6281816618405669
507,Alabama,Madison,4,12,0.06744518873335992,14.82685449889441,0.46116131778865743
322,New York,St. Lawrence,6,7,0.06734397204141913,14.8491389754225,0.3826206100882705
26,Georgia,Spalding,14,4,0.06731612066088331,14.85528266011754,0.3998829142290531
663,Massachusetts,Franklin,6,11,0.06729495908897849,14.859954052097478,0.5687801027632179
228,Ohio,Stark,16,6,0.06722679850205664,14.875020412721387,0.5658469822969113
633,Maryland,Washington,11,3,0.06721213050629275,14.878266653165753,0.3990387747662072
253,Ohio,Pickaway,10,4,0.0667075499272458,14.990806904025769,0.4161099214984664
229,Ohio,Trumbull,13,6,0.0666971906394423,14.993135249217474,0.8093928293375338
264,Florida,Pasco,16,12,0.06657731087306275,15.020132037273394,0.6985031884433606
317,New York,Columbia,9,-2,0.06636873309796917,15.06733597767891,0.6839251139640607
225,Mississippi,Lauderdale,1,15,0.06623439425841769,15.0978960583294,0.4865966407964774
241,Ohio,Miami,7,3,0.06598750860069479,15.154383325050569,0.6974659522964383
538,Wisconsin,Waukesha,8,10,0.06481967898859409,15.42741364356284,0.7597715830056799
146,Indiana,Floyd,15,11,0.0646616530147406,15.465116547082935,0.5252047234724665
23,Georgia,Rockdale,9,0,0.06464295979713251,15.469588693622269,0.3799893187423904
10,Georgia,Coweta,13,5,0.06452231466326264,15.498514044620512,0.5438025275232019
425,Illinois,Champaign,6,3,0.06410796908242716,15.59868475499894,0.4287054132189082
127,California,Fresno,17,17,0.06402470788654327,15.618970129033269,0.6846088253466991
286,Florida,Marion,6,7,0.0638800183945583,15.654347402085067,0.6005106742857786
169,North Carolina,Forsyth,15,1,0.06331948088739973,15.79292795811589,0.6070891541532529
420,Illinois,Kendall,12,7,0.06320300612115644,15.822032231869777,0.6472669437016481
355,Michigan,Berrien,5,8,0.06318856287277283,15.825648733512939,0.5625044539447009
451,Louisiana,West Baton Rouge,13,3,0.06315240675471946,15.834709259521114,0.3608296413309811
562,South Carolina,Kershaw,11,5,0.0630468277594076,15.861226258933922,0.7298482281853236
114,California,Santa Clara,33,62,0.06292234712347045,15.892604864814292,0.8245209676938873
533,Minnesota,Hennepin,1,31,0.0625118862007439,15.996957711189651,0.6986394478069671
390,Pennsylvania,Columbia,12,11,0.06243699077433187,16.016146639967545,0.35498998825582406
578,South Carolina,Berkeley,11,5,0.06233083618663157,16.043423467090843,0.3634031177005141
474,Iowa,Johnson,15,24,0.062306417579870016,16.049711070582887,0.745497032405003
373,Pennsylvania,Cumberland,16,4,0.062101736366821175,16.10260933918533,0.6678731984973052
559,Washington,Franklin,9,18,0.061895909425825055,16.15615650979944,0.5905478026012393
37,Georgia,Barrow,14,2,0.061547459596214764,16.247624297746015,0.36797966195794224
38,Georgia,Coffee,13,4,0.061451352439112004,16.273034852907955,0.3288978843097122
3,Georgia,Cherokee,14,12,0.061319953798593174,16.3079053073739,0.8383517218474587
551,Washington,Clark,17,4,0.06081410472823985,16.443553752352397,0.562115746610699
327,Kentucky,Fayette,18,4,0.06037749639843804,16.562462169694566,0.6196961098288764
204,Tennessee,Madison,11,4,0.06027026812233352,16.59192884243108,0.5020389282663175
388,Pennsylvania,Butler,3,0,0.05989471080203895,16.695965079540173,0.350594675187027
555,Washington,Island,11,2,0.05956290339979503,16.78897338646929,0.4280007764887205
666,Utah,Davis,14,7,0.059451574901958855,16.820412270811875,0.7518829815964642
75,Texas,Potter,11,11,0.0591922185854662,16.894112501563434,0.4627010270682632
525,Arkansas,Crittenden,11,12,0.059164640729633976,16.901987194847056,0.7722207416327799
33,Georgia,Worth,9,5,0.05904580524615849,16.936004104458544,0.3840010883386095
424,Illinois,McLean,11,4,0.05891179668676339,16.974528977906477,0.5589600333870305
51,Texas,Bexar,35,112,0.058560053143675635,17.076487235189575,0.7202739845099985
635,Maryland,Cecil,11,5,0.05846759684065838,17.10349072025823,0.38684309448031823
445,Louisiana,Webster,13,4,0.058104635870664466,17.210330725174963,0.287774038498169
357,Michigan,Calhoun,12,6,0.05781307667726627,17.29712475920224,0.5949122618657688
306,New York,Broome,13,17,0.05780504555722782,17.299527928059252,0.7531536862623899
281,Florida,Leon,12,6,0.057682960368734895,17.33614213985481,0.621740412162677
473,Louisiana,Franklin,5,7,0.0574082236107182,17.41910717845829,0.41063770383649684
454,Louisiana,St. Landry,10,4,0.057344071920116355,17.438594200165248,0.2511955991513927
564,South Carolina,Spartanburg,18,13,0.05722479309728304,17.47494304260715,0.6487170142998283
196,Tennessee,Hamilton,11,3,0.05694795870485652,17.559891921371364,0.5872435486591286
531,Minnesota,Olmsted,14,6,0.056381936055005084,17.736177044797117,0.6868028611276845
546,Washington,Snohomish,43,7,0.05628494440369815,17.766740477304193,0.7797040157717029
97,Virginia,James City,8,1,0.05600771407110414,17.85468335184075,0.4362190331601866
393,Pennsylvania,Fayette,15,10,0.05597941663283452,17.863708844251402,0.36310340734539315
105,Virginia,Newport News city,11,4,0.055819741405638404,17.914808897681297,0.5235853395164994
648,Idaho,Twin Falls,12,15,0.05572577897833168,17.945016082930636,0.5154364453595818
643,West Virginia,Kanawha,10,3,0.0554305860023869,18.040581421183944,0.6239838127252135
680,North Dakota,Cass,11,6,0.05517560308610548,18.12395232797779,0.7377927966782124
330,Kentucky,Daviess,10,9,0.055041840685225996,18.167997064611505,0.5336604082506515
8,Georgia,Bartow,5,8,0.05490021350280992,18.21486541120314,0.4007575975352441
153,Indiana,Shelby,13,5,0.054736520990173954,18.269337946770776,0.61633987753564
487,Colorado,Larimer,10,7,0.054616958775327774,18.30933143153573,0.6448446152574581
240,Ohio,Delaware,8,5,0.0545974797289241,18.31586375351004,0.5108640527792623
681,Arizona,Maricopa,51,130,0.05459552175307389,18.316520620918823,0.6065498537406586
552,Washington,Kitsap,16,4,0.054323494987253265,18.40824122664871,0.6202176136940729
396,Pennsylvania,Lawrence,13,5,0.05360378512973324,18.65539900922621,0.6865407521738509
668,Utah,Summit,2,16,0.053539808577635226,18.6776909848296,0.5362890874959528
350,Michigan,Eaton,10,2,0.05322555686117277,18.787966889821018,0.3362302124484254
231,Ohio,Lorain,7,4,0.0524419478441129,19.06870436949758,0.4728702941844676
715,Rhode Island,Unknown,15,127,0.05235341687259328,19.10095003796198,0.3688796848619875
255,Florida,Manatee,26,7,0.05141117651522273,19.451023450200605,0.48740548738052003
147,Indiana,Bartholomew,16,17,0.051295405932429684,19.49492321626771,0.29992658094233277
570,South Carolina,Anderson,14,11,0.051294645086336695,19.495212381659876,0.5504923663664815
212,Mississippi,Harrison,14,8,0.050624003183993314,19.753475369490094,0.6474825664031963
270,Florida,Clay,15,11,0.05016836733912595,19.93287908375099,0.6830753177962636
65,Texas,Hays,15,1,0.050153871075028264,19.938640399343022,0.40893814253784794
263,Florida,Alachua,9,10,0.04980258133376119,20.079280495489087,0.7372911506012891
303,New York,Schenectady,4,18,0.04979903558081954,20.080710165101216,0.6130544487230654
301,New York,Albany,2,37,0.04977303023646687,20.09120190691819,0.3651158087950245
529,Minnesota,Ramsey,20,9,0.049594004280449536,20.16372774307741,0.6240870531720187
608,New Jersey,Unknown,5,-366,0.04956376769384556,20.176028710669875,0.027164496036249645
547,Washington,Spokane,26,15,0.049458263282565154,20.21906823308364,0.648836209528933
157,Indiana,Harrison,13,3,0.04941083808196784,20.23847477229785,0.3524295603824625
188,North Carolina,Burke,10,13,0.04920635361600224,20.32257882394263,0.23285354730835883
686,Arizona,Yavapai,11,4,0.04889199494877113,20.45324599758706,0.5205389118904818
131,California,Stanislaus,15,8,0.0487254830979333,20.52314182273167,0.6532146790963334
218,Mississippi,Rankin,4,6,0.04866442797010648,20.548890467063103,0.38969643306965346
115,California,San Francisco,39,48,0.04863170746844008,20.562716220666477,0.7063197176609498
558,Washington,Grant,11,6,0.04848715120548027,20.62402049075168,0.4722954879577901
244,Ohio,Warren,17,7,0.048483220015217314,20.625692758982023,0.5906759573607251
88,Texas,Moore,8,8,0.04836039563035656,20.67807731854627,0.08491937172952127
690,Maine,Cumberland,1,7,0.04833749319054849,20.687874649559436,0.4976545122971635
235,Ohio,Medina,10,4,0.04826289912803714,20.719849368084784,0.5084357555636752
186,North Carolina,Union,3,6,0.04810992272858313,20.78573282359231,0.6771580921049687
500,Alabama,Tuscaloosa,19,1,0.04805784271164994,20.80825820667945,0.416537164053873
682,Arizona,Pinal,18,13,0.047744374162569846,20.94487607262365,0.6585361812660798
215,Mississippi,Madison,8,5,0.0473950919028913,21.099231161929573,0.6625220708553597
496,Colorado,Broomfield,12,9,0.04722287204905238,21.17617918201286,0.3625966549213405
112,California,Orange,49,63,0.047073296577814616,21.243466523466182,0.645254628312214
631,Maryland,Calvert,13,10,0.04669681855744504,21.414735112410916,0.3906740803414589
305,New York,Tompkins,11,3,0.04611206621752039,21.68629779638995,0.32435169188130125
138,California,Imperial,6,4,0.04594786454802454,21.76379707385103,0.562817593688867
576,South Carolina,Florence,17,6,0.04528987303263306,22.079991243946797,0.46511678690144204
387,Pennsylvania,Centre,14,2,0.04520241462080417,22.12271199202167,0.5226044141280711
476,Iowa,Washington,11,3,0.04503771909798979,22.203611107042807,0.35783512232096876
296,New York,Saratoga,11,5,0.0449992305212329,22.22260221823459,0.5412869044314531
651,Idaho,Jerome,9,5,0.044949877611954604,22.247001618844138,0.18714654188824292
249,Ohio,Wood,13,1,0.04474301391499966,22.34985783254891,0.30177383692981535
671,Montana,Gallatin,9,9,0.04458452414368904,22.429307460524964,0.4197316938956853
280,Florida,Sumter,6,9,0.044059525661532914,22.696567540968122,0.36955542968057264
573,South Carolina,Dorchester,11,4,0.04304867077191004,23.229520960087722,0.27428160025132475
540,Wisconsin,Racine,18,7,0.042730339499754355,23.402575586972546,0.5387251149474682
180,North Carolina,Pitt,17,6,0.042485330138629755,23.537536291632833,0.35336093292584403
175,North Carolina,Iredell,16,3,0.04226697193884746,23.659135114926524,0.5086196130229217
503,Alabama,Montgomery,16,9,0.04181373716440502,23.91558535100935,0.5694347101479361
508,Alabama,Calhoun,16,2,0.041701390295826764,23.980015843742127,0.34591575010973463
174,North Carolina,Durham,0,7,0.041460369958197636,24.119418157827553,0.7167827237047697
11,Georgia,Newton,14,3,0.04141118877984855,24.14806310720108,0.5693196027428503
12,Georgia,Clarke,9,1,0.04093735086349161,24.427569906381297,0.4424116294044291
25,Georgia,Carroll,2,11,0.040925847835457226,24.4344357634449,0.19542490775735374
515,Alabama,Tallapoosa,13,5,0.040779530720017644,24.52210661436389,0.3311571645080057
142,Indiana,Boone,19,8,0.0407757417691847,24.5243852499509,0.5177729333118946
213,Mississippi,Bolivar,15,3,0.04073819705656599,24.54698715830441,0.4888193849358938
170,North Carolina,Cabarrus,14,0,0.04047557072941209,24.706260640157872,0.6306230256435402
720,Rhode Island,Newport,4,1,0.04020699230441106,24.87129582906631,0.34073165223777585
520,Arkansas,Jefferson,18,6,0.03987599932957001,25.07774141871978,0.429007054157795
417,Illinois,Winnebago,17,3,0.03959473332994034,25.255884202251472,0.28584289308083366
697,New Hampshire,Merrimack,16,3,0.03917934381048524,25.52365360780694,0.5246128427930636
124,California,Placer,20,3,0.03917584500632618,25.525933131461958,0.5531224563108174
84,Texas,Orange,10,5,0.03907043775042259,25.594798972765126,0.11382493497084616
712,Alaska,Fairbanks North Star Borough,11,2,0.03883398134779206,25.750643258648417,0.4618329832243827
77,Texas,Nueces,6,0,0.03833816609789061,26.083668098433655,0.5829175393009676
221,Mississippi,Washington,18,5,0.03808642109829268,26.25607686842562,0.4030304103934055
20,Georgia,Columbia,19,8,0.03793158654926169,26.36325266018867,0.27405460684524935
444,Louisiana,Unknown,12,2,0.037703880712078794,26.522468804640596,0.2245975571105525
207,Mississippi,Pearl River,23,13,0.037694218074833155,26.529267645630192,0.41255914036060937
275,Florida,Citrus,18,3,0.03730898746529036,26.80319322335749,0.29412620092318853
39,Georgia,Pierce,13,1,0.03718729619347267,26.890903678432146,0.3914647708228916
214,Mississippi,DeSoto,2,6,0.037146408739435,26.920502787080736,0.318720272422881
63,Texas,Bell,12,10,0.03691986690095593,27.085688111570846,0.5595759666021213
554,Washington,Skagit,8,9,0.03688146241571069,27.113892305257995,0.23406217809694613
514,Alabama,Houston,15,6,0.03669845624096686,27.249102617120165,0.13879637584266902
667,Utah,Weber,16,3,0.036491200255868494,27.40386704159397,0.5440208649854876
707,Connecticut,Unknown,0,26,0.03598801554694939,27.7870281203868,0.18251579911205562
704,Connecticut,Windham,12,3,0.0359208634943422,27.838974421021568,0.43783003190604214
386,Pennsylvania,Franklin,17,9,0.03579527244430708,27.936650057793905,0.20408116637852158
670,Utah,Wasatch,9,6,0.03571105868739629,28.002530217703566,0.3253017818960249
22,Georgia,Bibb,13,5,0.035269194249012335,28.35335542228906,0.4533481490503649
534,Minnesota,Washington,12,2,0.03509036469428915,28.497851439051782,0.47021393374165477
61,Texas,Smith,12,0,0.03500724338134304,28.56551683052387,0.36214916915290657
284,Florida,Hernando,13,5,0.03488425261153272,28.666229749448622,0.453966274016803
197,Tennessee,Robertson,6,3,0.03465388902745861,28.85679004765187,0.28890718288484907
5,Georgia,Floyd,19,3,0.034215853656054035,29.226218058220606,0.29494353203517387
17,Georgia,Paulding,11,3,0.033898256457203346,29.500042318179492,0.5469100909551792
27,Georgia,Tift,17,3,0.033816745992983496,29.57114798116549,0.3688823626772564
6,Georgia,Fayette,17,3,0.03367874208938824,29.692320376629738,0.5014991095370044
591,Kansas,Leavenworth,18,2,0.03352834470889462,29.825510584622254,0.35945133168391075
536,Wisconsin,Dane,40,5,0.033416288511868515,29.92552568023311,0.6140554967412339
176,North Carolina,Gaston,9,2,0.033372203367824066,29.96505771519281,0.5054413456590131
542,Wisconsin,Brown,14,3,0.03321957109651351,30.10273663963569,0.34745291859660954
358,Michigan,Muskegon,14,11,0.03281553260816904,30.473374055524605,0.25416395537574216
556,Washington,Thurston,14,4,0.03248331768608737,30.78503278710046,0.2960397136072217
313,New York,Chenango,15,2,0.03181378959317369,31.43291047019971,0.6398087132954786
251,Ohio,Washington,13,4,0.031706456316742314,31.539317734223072,0.13468045215908053
711,Alaska,Anchorage,10,6,0.03137349834869012,31.8740354960049,0.31369176756951983
320,New York,Genesee,16,9,0.03130864214912849,31.940062914157267,0.1304887360867684
637,Nebraska,Douglas,37,26,0.031139411752860426,32.11364453306159,0.4959277535399448
714,Hawaii,Maui,19,3,0.030700344793100545,32.57292407428386,0.2815814721690356
459,Louisiana,Avoyelles,9,8,0.030687031339331178,32.58705571556258,0.14829690918575822
187,North Carolina,Randolph,15,5,0.03046473002035465,32.824843657956656,0.128138565029157
120,California,Marin,19,5,0.0303049520354656,32.997907366086885,0.5732713579371168
587,Oklahoma,Comanche,5,3,0.03014338671696084,33.17477260898916,0.0645839404130064
470,Louisiana,Pointe Coupee,13,5,0.030070622942879793,33.25504768888676,0.21271787677043383
622,Maryland,Harford,18,15,0.029323439302134338,34.10241171564121,0.5457942019696644
323,New York,Madison,4,-1,0.029189628978003573,34.25874308829242,0.051465893334142324
100,Virginia,Stafford,22,6,0.02910712518806054,34.355849076094614,0.21482001447903698
121,California,Sonoma,24,13,0.028795434863160902,34.72772697311608,0.3634999866318233
260,Florida,Charlotte,23,5,0.028782772420626084,34.74300478724516,0.4536447778667754
532,Minnesota,Dakota,15,4,0.02833502694675183,35.29200808170167,0.35998123090009604
16,Georgia,Troup,20,5,0.027493654571803482,36.372028949020276,0.21849376650437408
687,Arizona,Apache,16,18,0.026597816772169717,37.59707078839407,0.08807877176055816
522,Arkansas,Garland,22,8,0.026261779264631527,38.078151138326184,0.27944041967788585
698,New Hampshire,Strafford,8,1,0.026028570485538954,38.41932082115626,0.08322575597147876
28,Georgia,Unknown,0,80,0.025861011861415283,38.66824721935971,0.011456918620399891
511,Alabama,Walker,5,4,0.02575613066446635,38.8257076743138,0.13508085495656283
638,Nebraska,Lancaster,15,5,0.025438917624811937,39.309848585092574,0.08649381522939101
216,Mississippi,Yazoo,15,9,0.02535672408297326,39.43727102632663,0.1308199586834717
162,Indiana,Monroe,5,1,0.024835078762771863,40.265626276129,0.17301567576564358
103,Virginia,Portsmouth city,17,3,0.02482797261785589,40.277150913273346,0.21955012054857706
543,Wisconsin,Ozaukee,17,1,0.024564553366930735,40.709065011791296,0.4394038487100496
119,California,Solano,28,3,0.024052311462319002,41.576045677215966,0.40717982312288414
491,Colorado,Summit,18,1,0.023827473397756357,41.968360778619605,0.39341698728658037
364,Michigan,Branch,8,6,0.023708847820395333,42.17834656392533,0.10472115194452135
694,Vermont,Windham,14,2,0.022656924018495495,44.13661797972538,0.12577871728982334
259,Florida,Okaloosa,23,5,0.022271391208425674,44.90065261938741,0.3770527849064958
256,Florida,Santa Rosa,22,26,0.021602966320053683,46.289939315959415,0.26509968301933456
642,West Virginia,Monongalia,4,3,0.021509647907798732,46.49076564556089,0.0590239854516418
545,Wisconsin,Rock,16,5,0.020966350583990264,47.69547260950563,0.07865242206941796
156,Indiana,Vanderburgh,13,8,0.02067709872180748,48.36268441013592,0.11539906759768338
205,Mississippi,Forrest,23,12,0.020401698598126336,49.01552658423444,0.09408137912783368
497,Colorado,Montrose,12,3,0.020320366725467838,49.21171027620698,0.05026158932204206
428,Illinois,Unknown,0,7,0.020266444550762413,49.34264604209427,0.10313467153149192
316,New York,Jefferson,17,2,0.020210850633690734,49.47837268823497,0.08863202285253115
107,Virginia,Suffolk city,13,0,0.02003403001997118,49.91506945947157,0.10295010552094577
331,Kentucky,Christian,17,0,0.019742178189402826,50.65297204828079,0.14660236557197653
467,Louisiana,Natchitoches,12,2,0.019727511157954424,50.69063157502183,0.24931961443578116
463,Louisiana,Claiborne,18,5,0.01902541881554234,52.56126078985841,0.13901725895351502
583,Oklahoma,Washington,18,9,0.018831070181497253,53.10372646704725,0.1589273817917273
163,Indiana,Decatur,1,8,0.018326396015783498,54.56610231159231,0.1154874088861179
172,North Carolina,Johnston,22,6,0.018279924588285854,54.704820863474474,0.1112220210872642
537,Wisconsin,Fond du Lac,23,1,0.018050701386122064,55.399509338115294,0.17583194198804175
148,Indiana,Franklin,8,3,0.017986375667168125,55.5976378179054,0.14132018786816652
173,North Carolina,Wayne,22,10,0.01751400645825905,57.09715834485328,0.20026838650127307
676,New Mexico,Doa Ana,18,5,0.016976314813286902,58.90559941886369,0.04865195988810235
586,Oklahoma,Osage,13,8,0.016859121554833836,59.31507147318009,0.13526572352489416
311,New York,Rensselaer,2,-12,0.016598953876301333,60.244760450098035,0.04724631827925081
245,Ohio,Marion,16,8,0.016391940173713586,61.005591126035114,0.07983553883124937
155,Indiana,Vigo,15,4,0.0162317597879729,61.60761452008185,0.04983906907626815
674,New Mexico,Santa Fe,14,2,0.015947319682564527,62.70646227110608,0.1821787616171969
495,Colorado,Morgan,18,21,0.0158793676689868,62.97479980598032,0.17079820892550054
217,Mississippi,Scott,17,9,0.015616786154911319,64.03366160492057,0.03606067551982228
504,Alabama,Baldwin,22,10,0.01542563250033756,64.8271634876636,0.15783057525778835
137,California,Monterey,14,2,0.01455179195704395,68.72005887329493,0.08109425908436954
399,Missouri,Greene,13,1,0.01418501502003741,70.49692923041844,0.09309820931903669
516,Alabama,Autauga,15,5,0.013187160017167666,75.83133887039763,0.02202498071931063
178,North Carolina,Moore,18,20,0.012797186110420489,78.14217839543025,0.03348079788307121
565,South Carolina,Lancaster,21,3,0.0124457455596519,80.34874208274987,0.1215293206583469
126,California,Yolo,29,4,0.012058281122902768,82.93055948916803,0.0823625374847004
689,Wyoming,Teton,20,11,0.011854958362400433,84.35289010981533,0.09465264904666686
151,Indiana,Jennings,14,3,0.011531479369051141,86.71914227101325,0.06715695256199505
189,North Carolina,Northampton,2,2,0.010990400497656884,90.98849493366475,0.007932532706644726
641,West Virginia,Jefferson,19,5,0.010899024797542973,91.7513280844572,0.03615720613959259
489,Colorado,Gunnison,11,1,0.009886704041221845,101.14594265496142,0.015465418127985998
366,Pennsylvania,Wayne,27,2,0.009217672836714283,108.48725244586338,0.09908050362372248
36,Georgia,Baldwin,15,2,0.009164457133194383,109.11721070503145,0.021664279360613232
58,Texas,Gregg,24,3,0.008731289129599685,114.53062487759449,0.07868865812220273
290,Florida,Flagler,17,5,0.008447995625847773,118.37127341074446,0.04219423746801193
379,Pennsylvania,Adams,20,5,0.008389112317482949,119.20212319913698,0.041183373422544134
582,Oklahoma,Canadian,22,8,0.007744269204887024,129.12774253365956,0.02964382835973964
389,Pennsylvania,Montour,13,-1,0.007110898002606382,140.6292144302262,0.015455329072458609
345,Michigan,Bay,21,3,0.006555191119499177,152.55085347937208,0.03629283884620634
693,Vermont,Rutland,13,3,0.006333085523812684,157.90091516054147,0.018253690049641957
645,West Virginia,Marion,12,2,0.005873139952271212,170.26667304484857,0.005698218897426982
348,Michigan,Ottawa,23,4,0.005606995544838026,178.34863466596312,0.0464237377945336
649,Idaho,Kootenai,8,0,0.00513273710716749,194.82782365837002,0.006260378226865666
401,Missouri,Boone,7,0,0.004950411348856915,202.00341537898808,0.003682305889990314
220,Mississippi,Lincoln,17,6,0.004882696660140969,204.8048587911109,0.003732418653968631
492,Colorado,Pueblo,19,2,0.0043051907891248475,232.27774307379266,0.013280712968706993
620,New Jersey,Salem,8,7,0.003789773698203641,263.8679983646521,0.003770254694857852
68,Texas,Bowie,19,0,0.0024516615954691856,407.886635679271,0.0021929214535207804
530,Minnesota,Anoka,28,7,0.00216258644776454,462.4092604638753,0.007896462524571303
99,Virginia,Spotsylvania,20,5,0.0019038708505162497,525.2457117712801,0.001548974969633571
688,Wyoming,Laramie,13,10,0.0015695720526115607,637.1163390276554,0.0009967892478476177
117,California,Humboldt,40,0,0.0009080973651677357,1101.2035034539372,0.003934553578357776
238,Ohio,Darke,13,2,0.0008519886072958629,1173.724614902906,0.00046678881827935713
87,Texas,Henderson,10,5,0.0,0.0,0.0
535,Minnesota,St. Louis,17,5,-0.00036139266250691384,-2767.0733353111973,2.8113356329865642e-05
405,Missouri,Johnson,10,1,-0.001477341311984015,-676.8916511628831,0.00028802429088149235
354,Michigan,Tuscola,17,9,-0.0015184792060326012,-658.5536344700728,0.0011061350407856971
577,South Carolina,Aiken,18,10,-0.002164729431440462,-461.9514963283778,0.0014980852439433064
597,Oregon,Deschutes,28,5,-0.0022145193198018116,-451.56526342226493,0.006138425810823412
416,Illinois,Clinton,23,18,-0.002569122096128707,-389.2380208425494,0.010870670745723928
285,Florida,Monroe,5,1,-0.0026591241821019313,-376.0636704110374,0.003307353283797731
201,Tennessee,Blount,9,2,-0.002766008009844663,-361.5318525618294,0.001338062863593584
223,Mississippi,Sunflower,16,5,-0.003152411523221674,-317.2174675272183,0.0019899400779156665
549,Washington,Chelan,34,8,-0.00404526908956938,-247.20234373986978,0.01847165139989093
304,New York,Tioga,25,5,-0.004246358550964382,-235.4958932454943,0.12
672,Montana,Yellowstone,13,4,-0.005142982887992008,-194.43969030790095,0.025714483152538183
232,Ohio,Belmont,24,6,-0.00583138375154495,-171.48588441552366,0.015698914469838694
67,Texas,Matagorda,13,1,-0.0059557278700154235,-167.90558968192252,0.007856009493512787
512,Alabama,Cullman,18,7,-0.006169175206757993,-162.0962229934003,0.008181087250662002
423,Illinois,Adams,18,13,-0.006450150415982808,-155.03514422269953,0.03587048284650268
45,Georgia,Walton,14,5,-0.006548794349138012,-152.6998630109106,0.02395796716200265
222,Mississippi,Oktibbeha,17,5,-0.006931604841027443,-144.26673518390788,0.023729782852815955
315,New York,Warren,20,7,-0.007574183820776111,-132.02742680432226,0.02507545271693552
513,Alabama,Marion,17,10,-0.008759666016036744,-114.15960359324792,0.018299176016226746
413,Illinois,Sangamon,25,6,-0.009991889654638842,-100.08116928470476,0.06210571071176586
501,Alabama,Elmore,26,5,-0.010189914263328726,-98.13625258838353,0.0354627478685995
362,Michigan,Isabella,14,6,-0.01057976974586306,-94.52001546546168,0.015144150079221486
309,New York,Montgomery,23,10,-0.010646070020368513,-93.93137543588927,0.22807904326764233
133,California,San Luis Obispo,4,2,-0.01087190668505525,-91.98018608590718,0.027803469749041566
524,Arkansas,Faulkner,4,1,-0.012317409537708608,-81.18590170592222,0.03915734443332935
40,Georgia,Washington,15,5,-0.014290405197799992,-69.97702207589957,0.06831065680311349
210,Mississippi,Hancock,23,5,-0.014999045107661554,-66.67091090280123,0.13376482681357213
427,Illinois,Monroe,14,15,-0.015555836306299987,-64.2845540612309,0.04538108597841612
287,Florida,Bay,18,6,-0.01564322378292979,-63.925442343362796,0.14019119973788255
717,Rhode Island,Bristol,13,6,-0.01601874656716412,-62.426856920868,0.029782958196538298
95,Virginia,Hanover,26,7,-0.016543322469222084,-60.44734979085631,0.2322988694622279
206,Mississippi,Copiah,25,8,-0.01728204022766549,-57.86353849582973,0.30755619275600354
193,Tennessee,Sullivan,28,7,-0.017840621881852474,-56.05185775599014,0.28273683063529614
248,Ohio,Clermont,18,6,-0.018034188072997902,-55.45023684749483,0.1550966910413525
394,Pennsylvania,Juniata,14,5,-0.018841623689603626,-53.07398218295682,0.07354560444656422
336,Kentucky,Bullitt,11,7,-0.02161798548039219,-46.25777924159556,0.047109415752395266
332,Kentucky,Unknown,3,0,-0.021706122007452658,-46.069952046554256,0.031480091337235935
585,Oklahoma,Creek,6,1,-0.02172952247193532,-46.02033943873116,0.0354930195791201
219,Mississippi,Leake,17,7,-0.021863346692952715,-45.738651728115045,0.24073070579845987
106,Virginia,Mecklenburg,17,9,-0.02476408766824309,-40.38105555902944,0.3047464936231569
110,Virginia,Manassas city,14,5,-0.0258463685445203,-38.690154799793355,0.09964368890917043
460,Louisiana,Evangeline,18,6,-0.026167967294850634,-38.21466102935635,0.3348619598933375
72,Texas,Wichita,9,0,-0.02692401950664978,-37.14155680777964,0.11654186353578698
397,Pennsylvania,Crawford,13,5,-0.027396843367239198,-36.50055543244765,0.23076923076923084
523,Arkansas,Cleburne,3,-1,-0.02790739980134059,-35.83279012443011,0.18698567224909796
544,Wisconsin,Walworth,20,5,-0.02954802890482463,-33.84320501448809,0.6396796983289448
289,Florida,Bradford,17,5,-0.02994373807785483,-33.39596403762158,0.239290131433587
526,Arkansas,Benton,4,1,-0.029973367778247027,-33.36295098363099,0.18369372433402803
209,Mississippi,Monroe,23,5,-0.031667839826073206,-31.57777750210376,0.4840719246188056
406,Missouri,Unknown,1,0,-0.03245803854425848,-30.809008949707177,0.2672758770126482
224,Mississippi,Lamar,16,5,-0.03269025469713316,-30.590156279439974,0.30131681355284257
83,Texas,Coryell,13,6,-0.033367250582079906,-29.969505504809447,0.21870574618212946
324,New York,Orleans,15,6,-0.0357011370430098,-28.010312354905732,0.3001879417943711
89,Texas,Donley,6,7,-0.039505325721187506,-25.313042779537945,0.02758902734845407
81,Texas,Hunt,14,7,-0.03971734030298384,-25.17791957798526,0.16371308466382378
499,Colorado,La Plata,3,3,-0.03988676597331219,-25.070972178318225,0.23141458964850256
464,Louisiana,Bienville,17,7,-0.04004165820528697,-24.973990709205026,0.23331845410626575
679,New Mexico,Cibola,15,5,-0.04156870711183804,-24.056557672326967,0.43695558000464146
422,Illinois,Christian,8,0,-0.043978308321875256,-22.73848263287085,0.41150115394870584
314,New York,Washington,21,5,-0.04411146297121576,-22.669844358880916,0.5921550965783998
632,Maryland,Worcester,19,6,-0.0510653688128188,-19.582743124122366,0.5375257998800276
498,Colorado,Unknown,0,-5,-0.05692984792325971,-17.565478153884758,0.06243806547322023
85,Texas,Shelby,11,10,-0.06095443586534606,-16.4056969079181,0.33482666656293475
430,Illinois,Marion,9,6,-0.06170740037624294,-16.20551171987137,0.3333333333333333
662,Massachusetts,Unknown,2,-20,-0.06621450516644317,-15.102431068333193,0.10373213226984426
527,Arkansas,Unknown,0,1,-0.06656485062296127,-15.022943650309253,0.38409803540471005
82,Texas,Kaufman,14,5,-0.06812345692309758,-14.679231577000978,0.5173674342774951
337,Kentucky,Boyle,11,5,-0.08156117429742384,-12.260735682315767,0.695665917967893
519,Alabama,Randolph,12,5,-0.08266169078052361,-12.097502368480656,0.6435392488712607
50,Georgia,Grady,8,5,-0.09247179876264068,-10.814107796981752,0.3758846394933232
226,Mississippi,Jasper,7,6,-0.09784556476572923,-10.220187316556363,0.42857142857142866
710,Nevada,Unknown,0,-33,-0.12659494624670853,-7.8992094838541,0.5263136541103748
203,Tennessee,Unknown,0,-69,-0.13104889815500143,-7.630739472660232,0.563423840806195
338,Kentucky,Adair,3,5,-0.6582507062779432,-1.5191780129708736,1.0
326,New York,Unknown,0,2091,,,0.0
561,Washington,Unknown,0,110,,,0.0
